{"cameraMode":{"drawMode":0,"name":"Shaded","section":"Shading Mode"},"sceneLighting":true,"audioPlay":false,"sceneViewState":{"m_AlwaysRefresh":false,"showFog":true,"showSkybox":true,"showFlares":true,"showImageEffects":true,"showParticleSystems":true,"showVisualEffectGraphs":true,"m_FxEnabled":true},"in2DMode":false,"pivot":{"x":8.298742294311524,"y":31.62592315673828,"z":0.0009107589721679688},"rotation":{"x":-0.0006746830767951906,"y":0.9992989897727966,"z":0.029987992718815805,"w":0.022487642243504525},"size":7.587243556976318,"orthographic":true}